Micro-AUPRC,Macro-AUPRC
0.9143446852425181,0.49183006535947715
